<?xml version="1.0" encoding="UTF-8"?>
<map>
   <appContext helpID="ids-preface" path="topics/ids-preface.html"/>
   <appContext helpID="ids-prepare" path="topics/ids-prepare.html"/>
   <appContext helpID="ids-createpool" path="topics/ids-createpool.html"/>
   <appContext helpID="ids-adddataset" path="topics/ids-addataset.html"/>
   <appContext helpID="ids-snapshot" path="topics/ids-snapshot.html"/>
   <appContext helpID="ids-networks" path="topics/ids-networks.html"/>
   <appContext helpID="ids-ports" path="topics/ids-ports.html"/>
   <appContext helpID="ids-samba" path="topics/ids-samba.html"/>
   <appContext helpID="ids-nfs" path="topics/ids-nfs.html"/>
   <appContext helpID="ids-iscsi" path="topics/ids-iscsi.html"/>
   <appContext helpID="ids-fc" path="topics/ids-fc.html"/>
   <appContext helpID="ids-users" path="topics/ids-users.html"/>
   <appContext helpID="ids-update" path="topics/ids-update.html"/>
   <appContext helpID="ids-mon-status" path="topics/ids-mon-status.html"/>
   <appContext helpID="ids-mon-pools" path="topics/ids-mon-pools.html"/>
   <appContext helpID="ids-mon-datasets" path="topics/ids-mon-datasets.html"/>
   <appContext helpID="ids-mon-lists" path="topics/ids-mon-lists.html"/>
   <appContext helpID="ids-mon-notifications" path="topics/ids-mon-notifications.html"/>
   <appContext helpID="ids-mon-logging" path="topics/ids-mon-logging.html"/>
   <appContext helpID="ids-mon-debug" path="topics/ids-mon-debug.html"/>
   <appContext helpID="glossary" path="glossary.html"/>
   <appContext helpID="ids-gl-iops" path="glossary/ids-gl-iops.html"/>
   <appContext helpID="ids-gl-ha" path="glossary/ids-gl-ha.html"/>
</map>