<?xml version="1.0" encoding="UTF-8"?><toc xmlns:xhtml="http://www.w3.org/1999/xhtml" xmlns:toc="http://www.oxygenxml.com/ns/webhelp/toc" xmlns="http://www.oxygenxml.com/ns/webhelp/toc"><title><span xmlns="http://www.w3.org/1999/xhtml" class="title">Руководство администратора</span></title><topic href="topics/ids-preface.html" data-id="ids-preface" wh-toc-id="ids-preface-d66e11"><title>Введение</title><topicmeta><resourceid class="- topic/resourceid " oxy-source="topic" appid="ids-preface"></resourceid><navtitle class="- topic/navtitle ">Введение</navtitle><?ditaot gentext?><linktext class="- map/linktext ">Введение</linktext></topicmeta></topic><topic href="topics/ids-prepare.html" data-id="ids-prepare" wh-toc-id="ids-prepare-d66e20"><title>Подготовка к работе</title><topicmeta><resourceid class="- topic/resourceid " oxy-source="topic" appid="ids-prepare"></resourceid><navtitle class="- topic/navtitle ">Подготовка к работе</navtitle><?ditaot gentext?><linktext class="- map/linktext ">Подготовка к работе</linktext></topicmeta></topic><topic href="javascript:void(0)" wh-toc-id="tocId-d66e29"><title>Операции</title><topic href="topics/ids-createpool.html" data-id="ids-createpool" wh-toc-id="ids-createpool-d66e30"><title>Создание пула</title><topicmeta><resourceid class="- topic/resourceid " oxy-source="topic" appid="ids-createpool"></resourceid><navtitle class="- topic/navtitle ">Создание пула</navtitle><?ditaot gentext?><linktext class="- map/linktext ">Создание пула</linktext></topicmeta></topic><topic href="topics/ids-addataset.html" data-id="ids-adddataset" wh-toc-id="ids-adddataset-d66e38"><title>Создание датасета</title><topicmeta><resourceid class="- topic/resourceid " oxy-source="topic" appid="ids-adddataset"></resourceid><navtitle class="- topic/navtitle ">Создание датасета</navtitle><?ditaot gentext?><linktext class="- map/linktext ">Создание датасета</linktext></topicmeta></topic><topic href="topics/ids-snapshot.html" data-id="ids-snapshot" wh-toc-id="ids-snapshot-d66e46"><title>Снапшоты</title><topicmeta><resourceid class="- topic/resourceid " oxy-source="topic" appid="ids-snapshot"></resourceid><navtitle class="- topic/navtitle ">Снапшоты</navtitle><?ditaot gentext?><linktext class="- map/linktext ">Снапшоты</linktext></topicmeta></topic><topic href="topics/ids-networks.html" data-id="ids-networks" wh-toc-id="ids-networks-d66e54"><title>Сетевые настройки</title><topicmeta><resourceid class="- topic/resourceid " oxy-source="topic" appid="ids-networks"></resourceid><navtitle class="- topic/navtitle ">Сетевые настройки</navtitle><?ditaot gentext?><linktext class="- map/linktext ">Сетевые настройки</linktext></topicmeta><topic href="topics/ids-ports.html" data-id="ids-ports" wh-toc-id="ids-ports-d66e62"><title>Настройка портов</title><topicmeta><resourceid class="- topic/resourceid " oxy-source="topic" appid="ids-ports"></resourceid><navtitle class="- topic/navtitle ">Настройка портов</navtitle><?ditaot gentext?><linktext class="- map/linktext ">Настройка портов</linktext></topicmeta></topic><topic href="topics/ids-samba.html" data-id="ids-samba" wh-toc-id="ids-samba-d66e70"><title>Настройка Samba</title><topicmeta><resourceid class="- topic/resourceid " oxy-source="topic" appid="ids-samba"></resourceid><navtitle class="- topic/navtitle ">Настройка Samba</navtitle><?ditaot gentext?><linktext class="- map/linktext ">Настройка Samba</linktext></topicmeta></topic><topic href="topics/ids-nfs.html" data-id="ids-nfs" wh-toc-id="ids-nfs-d66e78"><title>Настройка NFS</title><topicmeta><resourceid class="- topic/resourceid " oxy-source="topic" appid="ids-nfs"></resourceid><navtitle class="- topic/navtitle ">Настройка NFS</navtitle><?ditaot gentext?><linktext class="- map/linktext ">Настройка NFS</linktext></topicmeta></topic><topic href="topics/ids-iscsi.html" data-id="ids-iscsi" wh-toc-id="ids-iscsi-d66e86"><title>Настройка iSCSI</title><topicmeta><resourceid class="- topic/resourceid " oxy-source="topic" appid="ids-iscsi"></resourceid><navtitle class="- topic/navtitle ">Настройка iSCSI</navtitle><?ditaot gentext?><linktext class="- map/linktext ">Настройка iSCSI</linktext></topicmeta></topic><topic href="topics/ids-fc.html" data-id="ids-fc" wh-toc-id="ids-fc-d66e94"><title>Настройка FC</title><topicmeta><resourceid class="- topic/resourceid " oxy-source="topic" appid="ids-fc"></resourceid><navtitle class="- topic/navtitle ">Настройка FC</navtitle><?ditaot gentext?><linktext class="- map/linktext ">Настройка FC</linktext></topicmeta></topic></topic><topic href="topics/ids-users.html" data-id="ids-users" wh-toc-id="ids-users-d66e102"><title>Пользователи</title><topicmeta><resourceid class="- topic/resourceid " oxy-source="topic" appid="ids-users"></resourceid><navtitle class="- topic/navtitle ">Пользователи</navtitle><?ditaot gentext?><linktext class="- map/linktext ">Пользователи</linktext></topicmeta></topic><topic href="topics/ids-update.html" data-id="ids-update" wh-toc-id="ids-update-d66e110"><title>Обновление ПО</title><topicmeta><resourceid class="- topic/resourceid " oxy-source="topic" appid="ids-update"></resourceid><navtitle class="- topic/navtitle ">Обновление ПО</navtitle><?ditaot gentext?><linktext class="- map/linktext ">Обновление ПО</linktext></topicmeta></topic></topic><topic href="javascript:void(0)" wh-toc-id="tocId-d66e119"><title>Мониторинг</title><topic href="topics/ids-mon-status.html" data-id="ids-mon-status" wh-toc-id="ids-mon-status-d66e120"><title>Статус системы</title><topicmeta><resourceid class="- topic/resourceid " oxy-source="topic" appid="ids-mon-status"></resourceid><navtitle class="- topic/navtitle ">Статус системы</navtitle><?ditaot gentext?><linktext class="- map/linktext ">Статус системы</linktext></topicmeta></topic><topic href="topics/ids-mon-pools.html" data-id="ids-mon-pools" wh-toc-id="ids-mon-pools-d66e128"><title>Статус пулов</title><topicmeta><resourceid class="- topic/resourceid " oxy-source="topic" appid="ids-mon-pools"></resourceid><navtitle class="- topic/navtitle ">Статус пулов</navtitle><?ditaot gentext?><linktext class="- map/linktext ">Статус пулов</linktext></topicmeta></topic><topic href="topics/ids-mon-datasets.html" data-id="ids-mon-datasets" wh-toc-id="ids-mon-datasets-d66e136"><title>Статус датасетов</title><topicmeta><resourceid class="- topic/resourceid " oxy-source="topic" appid="ids-mon-datasets"></resourceid><navtitle class="- topic/navtitle ">Статус датасетов</navtitle><?ditaot gentext?><linktext class="- map/linktext ">Статус датасетов</linktext></topicmeta></topic><topic href="topics/ids-mon-lists.html" data-id="ids-mon-lists" wh-toc-id="ids-mon-lists-d66e144"><title>Список устройств</title><topicmeta><resourceid class="- topic/resourceid " oxy-source="topic" appid="ids-mon-lists"></resourceid><navtitle class="- topic/navtitle ">Список устройств</navtitle><?ditaot gentext?><linktext class="- map/linktext ">Список устройств</linktext></topicmeta></topic><topic href="topics/ids-mon-notifications.html" data-id="ids-mon-notifications" wh-toc-id="ids-mon-notifications-d66e152"><title>Уведомления</title><topicmeta><resourceid class="- topic/resourceid " oxy-source="topic" appid="ids-mon-notifications"></resourceid><navtitle class="- topic/navtitle ">Уведомления</navtitle><?ditaot gentext?><linktext class="- map/linktext ">Уведомления</linktext></topicmeta></topic><topic href="topics/ids-mon-logging.html" data-id="ids-mon-logging" wh-toc-id="ids-mon-logging-d66e160"><title>Журналы событий</title><topicmeta><resourceid class="- topic/resourceid " oxy-source="topic" appid="ids-mon-logging"></resourceid><navtitle class="- topic/navtitle ">Журналы событий</navtitle><?ditaot gentext?><linktext class="- map/linktext ">Журналы событий</linktext></topicmeta></topic><topic href="topics/ids-mon-debug.html" data-id="ids-mon-debug" wh-toc-id="ids-mon-debug-d66e168"><title>Сбор отладочной информации</title><topicmeta><resourceid class="- topic/resourceid " oxy-source="topic" appid="ids-mon-debug"></resourceid><navtitle class="- topic/navtitle ">Сбор отладочной информации</navtitle><?ditaot gentext?><linktext class="- map/linktext ">Сбор отладочной информации</linktext></topicmeta></topic></topic><topic href="glossary.html" data-id="glossary" wh-toc-id="glossary-d66e178"><title>Перечень сокращений</title><topicmeta><resourceid class="- topic/resourceid " oxy-source="topic" appid="glossary"></resourceid><navtitle class="- topic/navtitle ">Перечень сокращений</navtitle><?ditaot gentext?><linktext class="- map/linktext ">Перечень сокращений</linktext></topicmeta><topic href="glossary/ids-gl-iops.html" data-id="ids-gl-iops" wh-toc-id="ids-gl-iops-d66e194"><title>IOPS</title><topicmeta><resourceid class="- topic/resourceid " oxy-source="topic" appid="ids-gl-iops"></resourceid><navtitle class="- topic/navtitle ">IOPS</navtitle><?ditaot gentext?><linktext class="- map/linktext ">IOPS</linktext></topicmeta></topic><topic href="glossary/ids-gl-ha.html" data-id="ids-gl-ha" wh-toc-id="ids-gl-ha-d66e202"><title>HA</title><topicmeta><resourceid class="- topic/resourceid " oxy-source="topic" appid="ids-gl-ha"></resourceid><navtitle class="- topic/navtitle ">HA</navtitle><?ditaot gentext?><linktext class="- map/linktext ">HA</linktext></topicmeta></topic></topic></toc>